{
  "id": "pf2e-warhammer-fantasy-corruptions",
  "title": "Chaos Corruptions",
  "description": "A Foundry VTT add-on implementing Warhammer Fantasy-inspired house rules for the PF2e system.",
  "version": "0.1.0",
  "compatibility": {
    "minimum": "11",
    "verified": "12",
    "maximum": "12"
  },
  "authors": [
    {
      "name": "Min-Q",
      "discord": "m1nque"
    }
  ],
  "relationships": {
    "systems": [
      {
        "id": "pf2e",
        "type": "system",
        "compatibility": {}
      }
    ]
  },
  "requires": [
    {
      "id": "lib-wrapper",
      "type": "module",
      "manifest": "https://github.com/ruipin/fvtt-lib-wrapper/releases/download/v1.13.2.0/module.json",
      "compatibility": {
        "verified": "1.13.2.0"
      }
    }
  ],
  "esmodules": ["dist/module.js"],
  "packFolders": [
    {
      "name": "Chaos Corruptions",
      "packs": ["chaos-conditions", "chaos-auras"]
    }
  ],
  "packs": [
    {
      "name": "chaos-conditions",
      "label": "Chaos Conditions",
      "path": "packs/chaos-conditions",
      "type": "Item",
      "ownership": {
        "PLAYER": "OBSERVER",
        "ASSISTANT": "OWNER"
      },
      "system": "pf2e",
      "flags": {}
    },
    {
      "name": "chaos-auras",
      "label": "Chaos Auras",
      "path": "packs/chaos-auras",
      "type": "Item",
      "ownership": {
        "PLAYER": "OBSERVER",
        "ASSISTANT": "OWNER"
      },
      "system": "pf2e",
      "flags": {}
    }
  ],
  "flags": {
    "pf2e-warhammer-fantasy-corruptions": {
      "pf2e-homebrew": {
        "creatureTraits": {
          "chaos": {
            "label": "Chaos",
            "description": "pf2e-warhammer-fantasy-corruptions.CreatureTraitDescription.chaos"
          },
          "warpTainted": {
            "label": "Warp-Tainted",
            "description": "pf2e-warhammer-fantasy-corruptions.CreatureTraitDescription.warpTainted"
          },
          "khorne": {
            "label": "Khorne",
            "description": "pf2e-warhammer-fantasy-corruptions.CreatureTraitDescription.khorne"
          },
          "nurgle": {
            "label": "Nurgle",
            "description": "pf2e-warhammer-fantasy-corruptions.CreatureTraitDescription.nurgle"
          },
          "tzeentch": {
            "label": "Tzeentch",
            "description": "pf2e-warhammer-fantasy-corruptions.CreatureTraitDescription.tzeentch"
          },
          "slaneesh": {
            "label": "Slaneesh",
            "description": "pf2e-warhammer-fantasy-corruptions.CreatureTraitDescription.slaneesh"
          }
        },
        "damageTypes": {
          "warp": {
            "label": "Warp",
            "category": "energy",
            "description": "pf2e-warhammer-fantasy-corruptions.DamageTypeDescription.warp",
            "icon": "fa-radiation"
          }
        },
        "equipmentTraits": {
          "warp": {
            "label": "Warp",
            "description": "Warp Equipment Trait"
          }
        },
        "weaponTraits": {
          "warp": {
            "label": "Warp",
            "description": "pf2e-warhammer-fantasy-corruptions.WeaponTraitDescription.warp"
          }
        },
        "spellTraits": {
          "warp": {
            "label": "Warp",
            "description": "pf2e-warhammer-fantasy-corruptions.WeaponSpellTraitDescription.warp"
          }
        }
      }
    }
  },
  "languages": [
    {
      "lang": "en",
      "name": "English",
      "path": "lang/en.json"
    },
    {
      "lang": "ko",
      "name": "한국어",
      "path": "lang/ko.json"
    }
  ]
}
